Current UPC 11,Calculated/Excel UPC 12,Item Number,Position Report Name,Pallet Product,DESC 1,DESC 2,DESC 3,PDF Last 6,Last 5,PDF Sources,Target POG Occurrences,Search Keys,Match Status,Matched Key,Matched Path(s)
19674217114,196742171143,990544241,ZIFT HOL 26 $25 SD,Online Exchange Zift Y26 Non AMZ Holiday 25 Barcode-IAB 5PK,Zift Holiday,1 X $25,Gift Card,217114,17114,XMAS 2026 SAMS MD-NJ v2 7-21-26 p1 | XMAS 2026 SAMS NATIONAL SLFCHK v2 7-21-26 p1 | XMAS 2026 SAMS NATIONAL v2 7-21-26 p1,2,196742171143|19674217114|217114|17114|990544241,unresolved,,
19674217113,196742171136,990547019,ZIFT HOL 26 $50 SD,Online Exchange Zift Y26 Non AMZ Holiday 50 Barcode-IAB 5PK,Zift Holiday,1 X $50,Gift Card,217113,17113,XMAS 2026 SAMS MD-NJ v2 7-21-26 p1 | XMAS 2026 SAMS NATIONAL SLFCHK v2 7-21-26 p1 | XMAS 2026 SAMS NATIONAL v2 7-21-26 p1,2,196742171136|19674217113|217113|17113|990547019,unresolved,,
19674217480,196742174809,990548992,VV $50 SD HH 2026,VV $50 SD HH 2026,Visa,1 X $50,Gift Card,217480,17480,XMAS 2026 SAMS MD-NJ v2 7-21-26 p1 | XMAS 2026 SAMS NATIONAL SLFCHK v2 7-21-26 p1 | XMAS 2026 SAMS NATIONAL v2 7-21-26 p1,2,196742174809|19674217480|217480|17480|990548992,unresolved,,
19674217481,196742174816,990549155,VV $100 SD MC 2026,VV $100 SD MC 2026,Visa,1 X $100,Gift Card,217481,17481,XMAS 2026 SAMS MD-NJ v2 7-21-26 p1 | XMAS 2026 SAMS NATIONAL SLFCHK v2 7-21-26 p1 | XMAS 2026 SAMS NATIONAL v2 7-21-26 p1,2,196742174816|19674217481|217481|17481|990549155,unresolved,,
19674217482,196742174823,990549198,VV $200 SD MC 2026,VV $200 SD MC 2026,Visa,1 X $200,Gift Card,217482,17482,XMAS 2026 SAMS MD-NJ v2 7-21-26 p1 | XMAS 2026 SAMS NATIONAL SLFCHK v2 7-21-26 p1 | XMAS 2026 SAMS NATIONAL v2 7-21-26 p1,2,196742174823|19674217482|217482|17482|990549198,unresolved,,
19674217483,196742174830,990549200,VV VL HH 2026,VV VL HH 2026,Visa,$20-$500,Gift Card,217483,17483,XMAS 2026 SAMS MD-NJ v2 7-21-26 p1 | XMAS 2026 SAMS NATIONAL v2 7-21-26 p1,2,196742174830|19674217483|217483|17483|990549200,unresolved,,
19674218050,196742180503,990549201,VV $150 MP HOL 2026,VV $150 MP HOL 2026,Visa $150 Multipack,$150 (3 X $50),Gift Cards,218050,18050,XMAS 2026 SAMS MD-NJ v2 7-21-26 p1 | XMAS 2026 SAMS NATIONAL SLFCHK v2 7-21-26 p1 | XMAS 2026 SAMS NATIONAL v2 7-21-26 p1,2,196742180503|19674218050|218050|18050|990549201,unresolved,,
19674217486,196742174861,990547901,MC $50 SD HH HOL 26,MC $50 SD HH HOL 26,MasterCard,1 X $50,Gift Card,217486,17486,XMAS 2026 SAMS MD-NJ v2 7-21-26 p1 | XMAS 2026 SAMS NATIONAL SLFCHK v2 7-21-26 p1 | XMAS 2026 SAMS NATIONAL v2 7-21-26 p1,2,196742174861|19674217486|217486|17486|990547901,unresolved,,
19674217487,196742174878,990544243,MC $100 SD HH HOL 26,MC $100 SD HH HOL 26,MasterCard,1 X $100,Gift Card,217487,17487,XMAS 2026 SAMS MD-NJ v2 7-21-26 p1 | XMAS 2026 SAMS NATIONAL SLFCHK v2 7-21-26 p1 | XMAS 2026 SAMS NATIONAL v2 7-21-26 p1,2,196742174878|19674217487|217487|17487|990544243,unresolved,,
19674217488,196742174885,990544244,MC $200 SD HH HOL 26,MC $200 SD HH HOL 26,MasterCard,1 x $200,Gift Card,217488,17488,XMAS 2026 SAMS MD-NJ v2 7-21-26 p1 | XMAS 2026 SAMS NATIONAL SLFCHK v2 7-21-26 p1 | XMAS 2026 SAMS NATIONAL v2 7-21-26 p1,2,196742174885|19674217488|217488|17488|990544244,unresolved,,
19674217489,196742174892,990544247,MC VL HH HOL 26,MC VL HH HOL 26,MasterCard,$20-$500,Gift Card,217489,17489,XMAS 2026 SAMS MD-NJ v2 7-21-26 p1 | XMAS 2026 SAMS NATIONAL v2 7-21-26 p1,2,196742174892|19674217489|217489|17489|990544247,unresolved,,
19674218048,196742180480,990548970,MC $75 MP HH HOL 26,MC $75 MP HH HOL 26,MasterCard $75 Multipack,$75 (3 X $25),Gift Card,218048,18048,XMAS 2026 SAMS MD-NJ v2 7-21-26 p1 | XMAS 2026 SAMS NATIONAL SLFCHK v2 7-21-26 p1 | XMAS 2026 SAMS NATIONAL v2 7-21-26 p1,2,196742180480|19674218048|218048|18048|990548970,unresolved,,
19674217492,196742174922,990548966,MC $50 SD JOY HOL 26,MC $50 SD JOY HOL 26,MasterCard,1 X $50,Gift Card,217492,17492,XMAS 2026 SAMS MD-NJ v2 7-21-26 p1 | XMAS 2026 SAMS NATIONAL SLFCHK v2 7-21-26 p1 | XMAS 2026 SAMS NATIONAL v2 7-21-26 p1,2,196742174922|19674217492|217492|17492|990548966,unresolved,,
19674217493,196742174939,990544252,MC VL HAPPY HOL 26,MC VL HAPPY HOL 26,MasterCard,$20-$500,Gift Card,217493,17493,XMAS 2026 SAMS MD-NJ v2 7-21-26 p1 | XMAS 2026 SAMS NATIONAL v2 7-21-26 p1,2,196742174939|19674217493|217493|17493|990544252,unresolved,,
84921909635,849219096356,990553354,,Trees,Holiday Packaging,2 Pack,Gift Card Wrap,909635,09635,XMAS 2026 SAMS MD-NJ v2 7-21-26 p2 | XMAS 2026 SAMS MD-NJ v2 7-21-26 p4 | XMAS 2026 SAMS NATIONAL SLFCHK v2 7-21-26 p2 | XMAS 2026 SAMS NATIONAL SLFCHK v2 7-21-26 p4 | XMAS 2026 SAMS NATIONAL v2 7-21-26 p2 | XMAS 2026 SAMS NATIONAL v2 7-21-26 p4,0,849219096356|84921909635|909635|09635|990553354,unresolved,,
84921909636,849219096363,990553405,,Snowglobe/Plaid,Holiday Packaging,2 Pack,Gift Card Wrap,909636,09636,XMAS 2026 SAMS MD-NJ v2 7-21-26 p2 | XMAS 2026 SAMS MD-NJ v2 7-21-26 p4 | XMAS 2026 SAMS NATIONAL SLFCHK v2 7-21-26 p2 | XMAS 2026 SAMS NATIONAL SLFCHK v2 7-21-26 p4 | XMAS 2026 SAMS NATIONAL v2 7-21-26 p2 | XMAS 2026 SAMS NATIONAL v2 7-21-26 p4,0,849219096363|84921909636|909636|09636|990553405,unresolved,,
84921909637,849219096370,990553429,,Reveals Santa/Wreath,Holiday Packaging,4 Pack,Gift Card Wrap,909637,09637,XMAS 2026 SAMS MD-NJ v2 7-21-26 p2 | XMAS 2026 SAMS MD-NJ v2 7-21-26 p4 | XMAS 2026 SAMS NATIONAL SLFCHK v2 7-21-26 p2 | XMAS 2026 SAMS NATIONAL SLFCHK v2 7-21-26 p4 | XMAS 2026 SAMS NATIONAL v2 7-21-26 p2 | XMAS 2026 SAMS NATIONAL v2 7-21-26 p4,0,849219096370|84921909637|909637|09637|990553429,unresolved,,
84921909638,849219096387,990553430,,Bellyband Envl Joy,Holiday Packaging,6 Pack,Gift Card Wrap,909638,09638,XMAS 2026 SAMS MD-NJ v2 7-21-26 p2 | XMAS 2026 SAMS MD-NJ v2 7-21-26 p4 | XMAS 2026 SAMS NATIONAL SLFCHK v2 7-21-26 p2 | XMAS 2026 SAMS NATIONAL SLFCHK v2 7-21-26 p4 | XMAS 2026 SAMS NATIONAL v2 7-21-26 p2 | XMAS 2026 SAMS NATIONAL v2 7-21-26 p4,0,849219096387|84921909638|909638|09638|990553430,unresolved,,
84921909639,849219096394,990553433,,Present Sliders,Holiday Packaging,4 Pack,Gift Card Wrap,909639,09639,XMAS 2026 SAMS MD-NJ v2 7-21-26 p2 | XMAS 2026 SAMS MD-NJ v2 7-21-26 p4 | XMAS 2026 SAMS NATIONAL SLFCHK v2 7-21-26 p2 | XMAS 2026 SAMS NATIONAL SLFCHK v2 7-21-26 p4 | XMAS 2026 SAMS NATIONAL v2 7-21-26 p2 | XMAS 2026 SAMS NATIONAL v2 7-21-26 p4,0,849219096394|84921909639|909639|09639|990553433,unresolved,,
19674217981,196742179811,990552673,,SBUX HOL $50 MP 26,Starbucks $50 Multipack,$50 (5 X $10),Gift Cards,217981,17981,XMAS 2026 SAMS MD-NJ v2 7-21-26 p2 | XMAS 2026 SAMS NATIONAL SLFCHK v2 7-21-26 p4 | XMAS 2026 SAMS NATIONAL v2 7-21-26 p4,0,196742179811|19674217981|217981|17981|990552673,unresolved,,
19674211223,196742112238,990452867,SBUX RED CUP $50 MP 26 REG,SBUX RED CUP $50 MP 26 REG,Starbucks $50 Multipack,$50 (5 x $10),Gift Cards,211223,11223,XMAS 2026 SAMS MD-NJ v2 7-21-26 p2,3,196742112238|19674211223|211223|11223|990452867,unresolved,,
19674210916,196742109160,990507001,DISNEY $75 MP MD,DISNEY MP (3X25) 75 - 2025REG,Disney $75 Multipack,$75 (3 X $25),Gift Cards,210916,10916,XMAS 2026 SAMS MD-NJ v2 7-21-26 p3 | XMAS 2026 SAMS NATIONAL SLFCHK v2 7-21-26 p3 | XMAS 2026 SAMS NATIONAL v2 7-21-26 p3,1,196742109160|19674210916|210916|10916|990507001,unresolved,,
19674209553,196742095531,990418403,ROBLOX $100 SD MD,Roblox Bonus 100-2025Reg,Roblox,1 X $100,Gift Cards,209553,09553,XMAS 2026 SAMS MD-NJ v2 7-21-26 p3 | XMAS 2026 SAMS NATIONAL SLFCHK v2 7-21-26 p3 | XMAS 2026 SAMS NATIONAL v2 7-21-26 p3,1,196742095531|19674209553|209553|09553|990418403,unresolved,,
19674217375,196742173758,990561180,,PLAYSTATION $50 GWP 26,Sony PlayStation,1 X $50 + Gift,Gift Card,217375,17375,XMAS 2026 SAMS MD-NJ v2 7-21-26 p3 | XMAS 2026 SAMS NATIONAL SLFCHK v2 7-21-26 p3 | XMAS 2026 SAMS NATIONAL v2 7-21-26 p3,0,196742173758|19674217375|217375|17375|990561180,unresolved,,
19674210278,196742102789,990420757,PLAYSTATION $50 MD,Sony PlayStation Store 50 2025Reg,Sony PlayStation,1 X $50,Gift Card,210278,10278,XMAS 2026 SAMS MD-NJ v2 7-21-26 p3,1,196742102789|19674210278|210278|10278|990420757,unresolved,,
19674215907,196742159073,990505768,GAP $50MP MD REG,Gap Options 50-2025Reg,Gap Options,1 X $50,Gift Card,215907,15907,XMAS 2026 SAMS MD-NJ v2 7-21-26 p3 | XMAS 2026 SAMS NATIONAL SLFCHK v2 7-21-26 p3 | XMAS 2026 SAMS NATIONAL v2 7-21-26 p3,2,196742159073|19674215907|215907|15907|990505768,unresolved,,
19674213197,196742131970,990442330,UNDER ARMOUR $50 + $10,UNDER ARMOUR $50 + $10,Under Armour W/ Bonus,1 x $50 + $10 BONUS,Gift Cards,213197,13197,XMAS 2026 SAMS MD-NJ v2 7-21-26 p3 | XMAS 2026 SAMS NATIONAL SLFCHK v2 7-21-26 p3 | XMAS 2026 SAMS NATIONAL v2 7-21-26 p3,1,196742131970|19674213197|213197|13197|990442330,unresolved,,
19674216329,196742163292,990560866,,OUTBACK $50 + BO 2026,Outback + Bonus,1 X $50,Gift Card,216329,16329,XMAS 2026 SAMS MD-NJ v2 7-21-26 p4 | XMAS 2026 SAMS NATIONAL SLFCHK v2 7-21-26 p2 | XMAS 2026 SAMS NATIONAL v2 7-21-26 p2,0,196742163292|19674216329|216329|16329|990560866,unresolved,,
19674210943,196742109436,990418473,DOMINOS $75MP BON MD,Dominos Pizza Value Add MP Parent 75 (3x25) for 65-2025Reg,Domino's $75 Multipack,$75 (3 X $25),Gift Cards,210943,10943,XMAS 2026 SAMS MD-NJ v2 7-21-26 p4,1,196742109436|19674210943|210943|10943|990418473,unresolved,,
19674211009,196742110098,990420751,C CAKE FACTORY $75 MP REG,The Cheesecake Factory MP Parent (3x25) 75 2025 Reg,Cheesecake Factory,$75 (3 X $25),Gift Cards,211009,11009,XMAS 2026 SAMS MD-NJ v2 7-21-26 p4,1,196742110098|19674211009|211009|11009|990420751,unresolved,,
